"Method","Specification","Tau_Estimate","Time_Taken"
"Cox","correctly-specified_TRUE",1.2381283407982,0.551192045211792
"Cox","correctly-specified_FALSE",-0.833989043442682,0.0202739238739014
"Cox","mildly-mis-specified_TRUE",1.25252948817161,0.465511083602905
"Cox","mildly-mis-specified_FALSE",-0.816771536486246,0.00391507148742676
"Cox","quite-mis-specified_TRUE",1.44046445973314,0.522058963775635
"Cox","quite-mis-specified_FALSE",-0.765381652072401,0.00381207466125488
