"Method","Specification","Bias","SE","MSE"
"Cox","correctly-specified",-25.3365375956094,37.017494078347,2012.23500517418
"Cox","mildly-mis-specified",-21.8690400723,32.234900313202,1517.34371188593
"Cox","quite-mis-specified",0.689252581788611,1.15215488185742,1.80252999329015
"S-Lasso",NA,-0.408931507775875,0.744834573090182,0.722003519322284
"DINA","cox_coxph",NA,NA,NA
"DINA","cox_custom_cox",170888.906988517,236800.673618139,85277577557.7343
