"Method","Specification","Bias","SE","MSE"
"Cox","correctly-specified",-25.3365375956094,37.017494078347,2012.23500517418
"Cox","mildly-mis-specified",-21.8690400723,32.234900313202,1517.34371188593
"Cox","quite-mis-specified",0.689252581788611,1.15215488185742,1.80252999329015
"S-Lasso",NA,-0.294632427804397,0.997540387057204,1.08189509132415
"DINA","bias",NA,NA,NA
"DINA","se",NA,NA,NA
"DINA","mse",NA,NA,NA
