"Method","Specification","Bias","SE","MSE"
"S-Lasso",NA,-1,0,1
"DINA",NA,0.0202590577710757,0.213954059498702,0.0461867689977458
